<?xml version='1.0' encoding='UTF-8' ?>
<!-- was: <?xml version="1.0" encoding="UTF-8"?> -->
<beans xmlns="http://www.springframework.org/schema/beans"
       xmlns:mvc="http://www.springframework.org/schema/mvc" 
       xmlns:context="http://www.springframework.org/schema/context"
       xmlns:xsi="http://www.w3.org/2001/XMLSchema-instance"
       xmlns:p="http://www.springframework.org/schema/p"
       xmlns:aop="http://www.springframework.org/schema/aop"
       xmlns:tx="http://www.springframework.org/schema/tx"
       xsi:schemaLocation="http://www.springframework.org/schema/beans 
        http://www.springframework.org/schema/beans/spring-beans.xsd
        http://www.springframework.org/schema/mvc 
        http://www.springframework.org/schema/mvc/spring-mvc.xsd
        http://www.springframework.org/schema/context 
        http://www.springframework.org/schema/context/spring-context.xsd">

    <bean class="org.springframework.web.servlet.mvc.support.ControllerClassNameHandlerMapping"/>
    <bean class="controller.LogController" id="logKey"/>
    <bean class="controller.HomeController" id="homeKey"/>
    <bean class="controller.UploadController" id="upKey"/>
    <!--
    Most controllers will use the ControllerClassNameHandlerMapping above, but
    for the index controller we are using ParameterizableViewController, so we must
    define an explicit mapping for it.
    -->
    <bean id="urlMapping" class="org.springframework.web.servlet.handler.SimpleUrlHandlerMapping">
        <property name="mappings">
            <props>
                <prop key="index.htm">indexController</prop>
                <prop key="login.htm">logKey</prop>
                <prop key="logout.htm">logKey</prop>
                <prop key="active.htm">logKey</prop>
                <prop key="home.htm">homeKey</prop>
                <prop key="loadsp.htm">homeKey</prop>
                <prop key="loadkh.htm">homeKey</prop>
                <prop key="loaddm.htm">homeKey</prop>
                <prop key="loadadddm.htm">homeKey</prop>
                <prop key="loadadddmc.htm">homeKey</prop>
                <prop key="adddm.htm">homeKey</prop>
                <prop key="adddmc.htm">homeKey</prop>
                <prop key="loadchangedm.htm">homeKey</prop>
                <prop key="changedmc.htm">homeKey</prop>
                <prop key="loadncc.htm">homeKey</prop>
                <prop key="loadchangencc.htm">homeKey</prop>
                <prop key="loadnv.htm">homeKey</prop>
                <prop key="loadaddnv.htm">homeKey</prop>
                <prop key="addnv.htm">homeKey</prop>
                <prop key="loadchangenv.htm">homeKey</prop>
                <prop key="changenv.htm">homeKey</prop>
                <prop key="locknv.htm">homeKey</prop>
                <prop key="loadchangesp.htm">homeKey</prop>
                <prop key="changesp.htm">homeKey</prop>
                
                <prop key="htdoanhthu.htm">homeKey</prop>
                <prop key="htgiaban.htm">homeKey</prop>
                <prop key="loadaddsp.htm">homeKey</prop>
                
                
                <prop key="loaduploadFile.htm">homeKey</prop>
                <prop key="uploadFile.htm">upKey</prop>
            </props>
        </property>
    </bean>

    <bean id="viewResolver"
          class="org.springframework.web.servlet.view.InternalResourceViewResolver"
          p:prefix="/WEB-INF/jsp/"
          p:suffix=".jsp" />

    <!--
    The index controller.
    -->
    <bean name="indexController"
          class="org.springframework.web.servlet.mvc.ParameterizableViewController"
          p:viewName="index" />
    <mvc:resources mapping="/resources/**" location="/resources" />
    <mvc:resources mapping="/rsJS/**" location="/resources/js" />
    <mvc:resources mapping="/rsIMG/**" location="/resources/img" />
    <mvc:resources mapping="/rsCSS/**" location="/resources/css" />
    <mvc:resources mapping="/rsV/**" location="/resources/vendors" />
    <mvc:resources mapping="/rsSCSS/**" location="/resources/scss" />
    <mvc:annotation-driven />
    
    
        <mvc:annotation-driven>
        <mvc:message-converters>
            <bean class="org.springframework.http.converter.StringHttpMessageConverter">
                <property name="supportedMediaTypes">
                    <list>
                        <value>text/plain;charset=UTF-8</value>
                        <value>text/html;charset=UTF-8</value>
                        <value>application/json;charset=UTF-8</value>
                    </list>
                </property>
            </bean>
            <bean class="org.springframework.http.converter.BufferedImageHttpMessageConverter"/>
        </mvc:message-converters>
    </mvc:annotation-driven>
    
    <bean id="multipartResolver"
          class="org.springframework.web.multipart.commons.CommonsMultipartResolver">
        <property name="maxUploadSize" value="268435456" />
    </bean>
</beans>
