<?xml version="1.0"?>
<!DOCTYPE hibernate-mapping PUBLIC "-//Hibernate/Hibernate Mapping DTD 3.0//EN"
"http://www.hibernate.org/dtd/hibernate-mapping-3.0.dtd">
<!-- Generated Jul 27, 2019 9:44:43 PM by Hibernate Tools 4.3.1 -->
<hibernate-mapping>
    <class name="model.Admin" table="admin" catalog="bagbag_db4" optimistic-lock="version">
        <id name="idadmin" type="string">
            <column name="idadmin" length="50" />
            <generator class="assigned" />
        </id>
        <property name="pass" type="string">
            <column name="pass" not-null="true" />
        </property>
        <property name="hoten" type="string">
            <column name="hoten" length="50" not-null="true" />
        </property>
        <property name="sdt" type="string">
            <column name="sdt" length="11" not-null="true" unique="true">
                <comment>s? d?ng cho ??ng nh?p</comment>
            </column>
        </property>
        <property name="email" type="string">
            <column name="email" length="100" not-null="true" unique="true">
                <comment>s? d?ng cho ??ng nh?p</comment>
            </column>
        </property>
        <property name="trangthai" type="java.lang.Integer">
            <column name="trangthai">
                <comment>0 l&#224; ch?a k&#237;ch ho?t, 1 l&#224; ?&#227; k&#237;ch ho?t 2 t?m kh&#243;a</comment>
            </column>
        </property>
        <property name="capdo" type="int">
            <column name="capdo" not-null="true">
                <comment>0. IT system, 1.Qu?n l&#253; c?p cao, 2. NV kho, 3. NV t? v?n ch?m s&#243;c kh&#225;ch h&#224;ng</comment>
            </column>
        </property>
        <property name="thoigiantao" type="timestamp">
            <column name="thoigiantao" length="19" />
        </property>
        <set name="adminLogs" table="admin_log" inverse="true" lazy="true" fetch="select">
            <key>
                <column name="idadmin" length="50" not-null="true" />
            </key>
            <one-to-many class="model.AdminLog" />
        </set>
    </class>
</hibernate-mapping>
