<?xml version="1.0"?>
<!DOCTYPE hibernate-mapping PUBLIC "-//Hibernate/Hibernate Mapping DTD 3.0//EN"
"http://www.hibernate.org/dtd/hibernate-mapping-3.0.dtd">
<!-- Generated Jul 27, 2019 9:44:43 PM by Hibernate Tools 4.3.1 -->
<hibernate-mapping>
    <class name="model.AdminLog" table="admin_log" catalog="bagbag_db4" optimistic-lock="version">
        <id name="idlog" type="timestamp">
            <column name="idlog" length="19" />
            <generator class="assigned" />
        </id>
        <many-to-one name="admin" class="model.Admin" fetch="select">
            <column name="idadmin" length="50" not-null="true" />
        </many-to-one>
        <many-to-one name="sanpham" class="model.Sanpham" fetch="select">
            <column name="idsanpham" length="10" not-null="true" />
        </many-to-one>
        <property name="giacu" type="float">
            <column name="giacu" precision="12" scale="0" not-null="true" />
        </property>
        <property name="giamoi" type="float">
            <column name="giamoi" precision="12" scale="0" not-null="true" />
        </property>
    </class>
</hibernate-mapping>
