<?xml version="1.0"?>
<!DOCTYPE hibernate-mapping PUBLIC "-//Hibernate/Hibernate Mapping DTD 3.0//EN"
"http://www.hibernate.org/dtd/hibernate-mapping-3.0.dtd">
<!-- Generated Jul 27, 2019 9:44:43 PM by Hibernate Tools 4.3.1 -->
<hibernate-mapping>
    <class name="model.Danhmuc" table="danhmuc" catalog="bagbag_db4" optimistic-lock="version">
        <id name="iddanhmuc" type="string">
            <column name="iddanhmuc" length="5" />
            <generator class="assigned" />
        </id>
        <many-to-one name="danhmuc" class="model.Danhmuc" fetch="select">
            <column name="danhmuccha" length="5" />
        </many-to-one>
        <property name="tendanhmuc" type="string">
            <column name="tendanhmuc" length="50" not-null="true" />
        </property>
        <property name="vitrixep" type="java.lang.Integer">
            <column name="vitrixep">
                <comment>0 Danh m?c cha, 1 Danh m?c con</comment>
            </column>
        </property>
        <property name="trangthai" type="java.lang.Integer">
            <column name="trangthai">
                <comment>0 l&#224; ch?a k&#237;ch ho?t, 1 l&#224; ?&#227; k&#237;ch ho?t 2 t?m kh&#243;a</comment>
            </column>
        </property>
        <set name="danhmucs" table="danhmuc" inverse="true" lazy="true" fetch="select">
            <key>
                <column name="danhmuccha" length="5" />
            </key>
            <one-to-many class="model.Danhmuc" />
        </set>
    </class>
</hibernate-mapping>
