<?xml version="1.0"?>
<!DOCTYPE hibernate-mapping PUBLIC "-//Hibernate/Hibernate Mapping DTD 3.0//EN"
"http://www.hibernate.org/dtd/hibernate-mapping-3.0.dtd">
<!-- Generated Jul 27, 2019 9:44:43 PM by Hibernate Tools 4.3.1 -->
<hibernate-mapping>
    <class name="model.Nhacungcap" table="nhacungcap" catalog="bagbag_db4" optimistic-lock="version">
        <id name="idncc" type="string">
            <column name="idncc" length="5" />
            <generator class="assigned" />
        </id>
        <property name="tennhacungcap" type="string">
            <column name="tennhacungcap" length="50" not-null="true" />
        </property>
        <property name="sdt" type="string">
            <column name="sdt" length="11" not-null="true" />
        </property>
        <property name="daidien" type="string">
            <column name="daidien" length="50" not-null="true" />
        </property>
        <property name="diachi" type="string">
            <column name="diachi" not-null="true" />
        </property>
        <property name="trangthai" type="int">
            <column name="trangthai" not-null="true">
                <comment>0 l&#224; ng?ng cung c?p, 1 l&#224; ?ang cung c?p</comment>
            </column>
        </property>
    </class>
</hibernate-mapping>
