<?xml version="1.0"?>
<!DOCTYPE hibernate-mapping PUBLIC "-//Hibernate/Hibernate Mapping DTD 3.0//EN"
"http://www.hibernate.org/dtd/hibernate-mapping-3.0.dtd">
<!-- Generated Jul 27, 2019 9:44:43 PM by Hibernate Tools 4.3.1 -->
<hibernate-mapping>
    <class name="model.Phieuxuatkho" table="phieuxuatkho" catalog="bagbag_db4" optimistic-lock="version">
        <id name="maphieuxuat" type="string">
            <column name="maphieuxuat" length="10" />
            <generator class="assigned" />
        </id>
        <many-to-one name="hoadon" class="model.Hoadon" fetch="select">
            <column name="mahoadon" length="15" not-null="true" />
        </many-to-one>
        <property name="ngayxuat" type="timestamp">
            <column name="ngayxuat" length="19" not-null="true" />
        </property>
        <property name="giatriphieuxuat" type="float">
            <column name="giatriphieuxuat" precision="12" scale="0" not-null="true" />
        </property>
        <property name="trangthai" type="java.lang.Integer">
            <column name="trangthai">
                <comment>0 B? h?y, 1 ?&#243;ng g&#243;i ho&#224;n t?t, 2 Giao v?n chuy?n, 3 Giao h&#224;ng th&#224;nh c&#244;ng</comment>
            </column>
        </property>
        <property name="thoigiancapnhat" type="timestamp">
            <column name="thoigiancapnhat" length="19" />
        </property>
        <property name="idkhovan" type="string">
            <column name="idkhovan" length="50" not-null="true" />
        </property>
        <property name="mavanchuyen" type="string">
            <column name="mavanchuyen" length="100" />
        </property>
        <set name="chitietphieuxuats" table="chitietphieuxuat" inverse="true" lazy="true" fetch="select">
            <key>
                <column name="maphieuxuat" length="10" not-null="true" />
            </key>
            <one-to-many class="model.Chitietphieuxuat" />
        </set>
    </class>
</hibernate-mapping>
