<?xml version="1.0"?>
<!DOCTYPE hibernate-mapping PUBLIC "-//Hibernate/Hibernate Mapping DTD 3.0//EN"
"http://www.hibernate.org/dtd/hibernate-mapping-3.0.dtd">
<!-- Generated Jul 27, 2019 9:44:43 PM by Hibernate Tools 4.3.1 -->
<hibernate-mapping>
    <class name="model.User" table="user" catalog="bagbag_db4" optimistic-lock="version">
        <id name="iduser" type="string">
            <column name="iduser" length="50" />
            <generator class="assigned" />
        </id>
        <property name="pass" type="string">
            <column name="pass" not-null="true" />
        </property>
        <property name="hoten" type="string">
            <column name="hoten" length="50" not-null="true" />
        </property>
        <property name="sdt" type="string">
            <column name="sdt" length="11" not-null="true" />
        </property>
        <property name="trangthai" type="java.lang.Integer">
            <column name="trangthai">
                <comment>0 l&#224; ch?a k&#237;ch ho?t, 1 l&#224; ?&#227; k&#237;ch ho?t 2 t?m kh&#243;a</comment>
            </column>
        </property>
        <property name="capdo" type="java.lang.Integer">
            <column name="capdo">
                <comment>Level t? 0 - 3 (KHTT,??ng, B?c, V&#224;ng) m?c ??nh l&#224; 0</comment>
            </column>
        </property>
        <property name="diachi" type="string">
            <column name="diachi" />
        </property>
        <property name="email" type="string">
            <column name="email" />
        </property>
        <set name="hoadons" table="hoadon" inverse="true" lazy="true" fetch="select">
            <key>
                <column name="iduser" length="50" />
            </key>
            <one-to-many class="model.Hoadon" />
        </set>
    </class>
</hibernate-mapping>
