<?xml version="1.0"?>
<!DOCTYPE hibernate-mapping PUBLIC "-//Hibernate/Hibernate Mapping DTD 3.0//EN"
"http://www.hibernate.org/dtd/hibernate-mapping-3.0.dtd">
<!-- Generated Jul 21, 2019 7:10:34 PM by Hibernate Tools 4.3.1 -->
<hibernate-mapping>
    <class name="model.Thoidiemgia" table="thoidiemgia" catalog="bagbag_db4" optimistic-lock="version">
        <id name="idthoidiemgia" type="java.lang.Integer">
            <column name="idthoidiemgia" />
            <generator class="identity" />
        </id>
        <many-to-one name="phieunhapkho" class="model.Phieunhapkho" fetch="select">
            <column name="maphieunhap" length="10" not-null="true" />
        </many-to-one>
        <many-to-one name="sanpham" class="model.Sanpham" fetch="select">
            <column name="idsanpham" length="10" not-null="true" />
        </many-to-one>
        <property name="thoidiem" type="date">
            <column name="thoidiem" length="10" not-null="true" />
        </property>
        <property name="soluong" type="int">
            <column name="soluong" not-null="true" />
        </property>
        <property name="dongianhap" type="float">
            <column name="dongianhap" precision="12" scale="0" not-null="true" />
        </property>
        <set name="chitietphieuxuats" table="chitietphieuxuat" inverse="true" lazy="true" fetch="select">
            <key>
                <column name="idthoidiemgia" not-null="true" />
            </key>
            <one-to-many class="model.Chitietphieuxuat" />
        </set>
    </class>
</hibernate-mapping>
