<?xml version="1.0"?>
<!DOCTYPE hibernate-mapping PUBLIC "-//Hibernate/Hibernate Mapping DTD 3.0//EN"
"http://www.hibernate.org/dtd/hibernate-mapping-3.0.dtd">
<!-- Generated Jul 21, 2019 6:58:03 PM by Hibernate Tools 4.3.1 -->
<hibernate-mapping>
    <class name="model.Chitietphieuxuat" table="chitietphieuxuat" catalog="bagbag_db4" optimistic-lock="version">
        <id name="id" type="java.lang.Integer">
            <column name="id" />
            <generator class="identity" />
        </id>
        <many-to-one name="phieuxuatkho" class="model.Phieuxuatkho" fetch="select">
            <column name="maphieuxuat" length="10" not-null="true" />
        </many-to-one>
        <many-to-one name="sanpham" class="model.Sanpham" fetch="select">
            <column name="idsanpham" length="10" not-null="true" />
        </many-to-one>
        <many-to-one name="thoidiemgia" class="model.Thoidiemgia" fetch="select">
            <column name="idthoidiemgia" not-null="true" />
        </many-to-one>
        <property name="soluong" type="int">
            <column name="soluong" not-null="true" />
        </property>
        <property name="giaxuat" type="float">
            <column name="giaxuat" precision="12" scale="0" not-null="true" />
        </property>
        <property name="ghichu" type="string">
            <column name="ghichu" length="65535" not-null="true" />
        </property>
    </class>
</hibernate-mapping>
