<?xml version="1.0"?>
<!DOCTYPE hibernate-mapping PUBLIC "-//Hibernate/Hibernate Mapping DTD 3.0//EN"
"http://www.hibernate.org/dtd/hibernate-mapping-3.0.dtd">
<!-- Generated Jul 21, 2019 6:58:03 PM by Hibernate Tools 4.3.1 -->
<hibernate-mapping>
    <class name="model.Chitiettrangthaihoadon" table="chitiettrangthaihoadon" catalog="bagbag_db4" optimistic-lock="version">
        <id name="idtrangthaihd" type="java.lang.Integer">
            <column name="idtrangthaihd" />
            <generator class="identity" />
        </id>
        <many-to-one name="hoadon" class="model.Hoadon" fetch="select">
            <column name="mahoadon" length="15" not-null="true" />
        </many-to-one>
        <property name="thoigiantrangthai" type="timestamp">
            <column name="thoigiantrangthai" length="19" not-null="true" />
        </property>
        <property name="trangthai" type="boolean">
            <column name="trangthai" not-null="true" />
        </property>
        <property name="ghichuhethong" type="string">
            <column name="ghichuhethong" not-null="true" />
        </property>
    </class>
</hibernate-mapping>
