<?xml version="1.0"?>
<!DOCTYPE hibernate-mapping PUBLIC "-//Hibernate/Hibernate Mapping DTD 3.0//EN"
"http://www.hibernate.org/dtd/hibernate-mapping-3.0.dtd">
<!-- Generated Jul 21, 2019 6:58:03 PM by Hibernate Tools 4.3.1 -->
<hibernate-mapping>
    <class name="model.User" table="user" catalog="bagbag_db4" optimistic-lock="version">
        <id name="iduser" type="string">
            <column name="iduser" length="50" />
            <generator class="assigned" />
        </id>
        <property name="pass" type="string">
            <column name="pass" not-null="true" />
        </property>
        <property name="hoten" type="string">
            <column name="hoten" length="50" not-null="true" />
        </property>
        <property name="sdt" type="string">
            <column name="sdt" length="11" not-null="true" />
        </property>
        <property name="trangthai" type="java.lang.Integer">
            <column name="trangthai" />
        </property>
        <property name="capdo" type="java.lang.Integer">
            <column name="capdo" />
        </property>
        <property name="diachi" type="string">
            <column name="diachi" />
        </property>
        <property name="email" type="string">
            <column name="email" />
        </property>
        <set name="hoadons" table="hoadon" inverse="true" lazy="true" fetch="select">
            <key>
                <column name="iduser" length="50" />
            </key>
            <one-to-many class="model.Hoadon" />
        </set>
    </class>
</hibernate-mapping>
