<?xml version="1.0"?>
<!DOCTYPE hibernate-mapping PUBLIC "-//Hibernate/Hibernate Mapping DTD 3.0//EN"
"http://www.hibernate.org/dtd/hibernate-mapping-3.0.dtd">
<!-- Generated Jul 21, 2019 6:52:00 PM by Hibernate Tools 4.3.1 -->
<hibernate-mapping>
    <class name="model.Hoadon" table="hoadon" catalog="bagbag_db4" optimistic-lock="version">
        <id name="mahoadon" type="string">
            <column name="mahoadon" length="15" />
            <generator class="assigned" />
        </id>
        <many-to-one name="user" class="model.User" fetch="select">
            <column name="iduser" length="50" />
        </many-to-one>
        <property name="ngaytaohoadon" type="timestamp">
            <column name="ngaytaohoadon" length="19">
                <comment>L?y th?i gian t?o</comment>
            </column>
        </property>
        <property name="hotenkhach" type="string">
            <column name="hotenkhach" length="50" not-null="true" />
        </property>
        <property name="sdtkhach" type="string">
            <column name="sdtkhach" length="11" not-null="true" />
        </property>
        <property name="emailkhach" type="string">
            <column name="emailkhach" />
        </property>
        <property name="hotennguoinhan" type="string">
            <column name="hotennguoinhan" length="50" not-null="true" />
        </property>
        <property name="diachinhan" type="string">
            <column name="diachinhan" not-null="true" />
        </property>
        <property name="sdtnguoinhan" type="string">
            <column name="sdtnguoinhan" length="11" not-null="true" />
        </property>
        <property name="trigiahoadon" type="float">
            <column name="trigiahoadon" precision="12" scale="0" not-null="true" />
        </property>
        <property name="thanhtoan" type="java.lang.Integer">
            <column name="thanhtoan">
                <comment>0 l&#224; thanh to&#225;n khi nh?n h&#224;ng, 1 thanh to&#225;n tr?c tuy?n</comment>
            </column>
        </property>
        <property name="ghichu" type="string">
            <column name="ghichu" />
        </property>
        <property name="trangthai" type="java.lang.Integer">
            <column name="trangthai">
                <comment>0 B? h?y,1 Ch? x? l&#253;, 2 ?&#227; ti?p nh?n, 3 ?ang ?&#243;ng g&#243;i, 4 ?ang v?n chuy?n, 5 Giao h&#224;ng th&#224;nh c&#244;ng</comment>
            </column>
        </property>
        <property name="thoigiancapnhat" type="timestamp">
            <column name="thoigiancapnhat" length="19" />
        </property>
        <set name="phieuxuatkhos" table="phieuxuatkho" inverse="true" lazy="true" fetch="select">
            <key>
                <column name="mahoadon" length="15" not-null="true" />
            </key>
            <one-to-many class="model.Phieuxuatkho" />
        </set>
        <set name="chitiethoadons" table="chitiethoadon" inverse="true" lazy="true" fetch="select">
            <key>
                <column name="mahoadon" length="15" not-null="true" />
            </key>
            <one-to-many class="model.Chitiethoadon" />
        </set>
        <set name="chitiettrangthaihoadons" table="chitiettrangthaihoadon" inverse="true" lazy="true" fetch="select">
            <key>
                <column name="mahoadon" length="15" not-null="true" />
            </key>
            <one-to-many class="model.Chitiettrangthaihoadon" />
        </set>
    </class>
</hibernate-mapping>
