<?xml version="1.0"?>
<!DOCTYPE hibernate-mapping PUBLIC "-//Hibernate/Hibernate Mapping DTD 3.0//EN"
"http://www.hibernate.org/dtd/hibernate-mapping-3.0.dtd">
<!-- Generated Jul 21, 2019 6:52:00 PM by Hibernate Tools 4.3.1 -->
<hibernate-mapping>
    <class name="model.Phieunhapkho" table="phieunhapkho" catalog="bagbag_db4" optimistic-lock="version">
        <id name="maphieunhap" type="string">
            <column name="maphieunhap" length="10" />
            <generator class="assigned" />
        </id>
        <property name="ngaynhap" type="date">
            <column name="ngaynhap" length="10" not-null="true" />
        </property>
        <property name="giatriphieunhap" type="float">
            <column name="giatriphieunhap" precision="12" scale="0" not-null="true" />
        </property>
        <property name="thoigiantao" type="timestamp">
            <column name="thoigiantao" length="19" unique="true" />
        </property>
        <property name="idkhovan" type="string">
            <column name="idkhovan" length="50" not-null="true" />
        </property>
        <set name="chitietphieunhaps" table="chitietphieunhap" inverse="true" lazy="true" fetch="select">
            <key>
                <column name="maphieunhap" length="10" not-null="true" />
            </key>
            <one-to-many class="model.Chitietphieunhap" />
        </set>
        <set name="thoidiemgias" table="thoidiemgia" inverse="true" lazy="true" fetch="select">
            <key>
                <column name="maphieunhap" length="10" not-null="true" />
            </key>
            <one-to-many class="model.Thoidiemgia" />
        </set>
    </class>
</hibernate-mapping>
