<?xml version="1.0"?>
<!DOCTYPE hibernate-mapping PUBLIC "-//Hibernate/Hibernate Mapping DTD 3.0//EN"
"http://www.hibernate.org/dtd/hibernate-mapping-3.0.dtd">
<!-- Generated Jul 21, 2019 6:52:00 PM by Hibernate Tools 4.3.1 -->
<hibernate-mapping>
    <class name="model.Sanpham" table="sanpham" catalog="bagbag_db4" optimistic-lock="version">
        <id name="idsanpham" type="string">
            <column name="idsanpham" length="10" />
            <generator class="assigned" />
        </id>
        <property name="iddanhmuc" type="string">
            <column name="iddanhmuc" length="5" not-null="true" />
        </property>
        <property name="idncc" type="string">
            <column name="idncc" length="5" not-null="true" />
        </property>
        <property name="tensanpham" type="string">
            <column name="tensanpham" length="50" not-null="true" />
        </property>
        <property name="img" type="string">
            <column name="img" not-null="true" />
        </property>
        <property name="imgList" type="serializable">
            <column name="`img-list`" />
        </property>
        <property name="soluong" type="java.lang.Integer">
            <column name="soluong" />
        </property>
        <property name="dongiaban" type="float">
            <column name="dongiaban" precision="12" scale="0" not-null="true" />
        </property>
        <property name="thoigiancapnhat" type="timestamp">
            <column name="thoigiancapnhat" length="19" />
        </property>
        <property name="trangthai" type="int">
            <column name="trangthai" not-null="true">
                <comment>0 l&#224; ch?a m? b&#225;n, 1 l&#224; ?&#227; m? b&#225;n, 2 t?m h?t h&#224;ng, 3 ng?ng kinh doanh,</comment>
            </column>
        </property>
        <property name="chatlieu" type="string">
            <column name="chatlieu" length="100" />
        </property>
        <property name="kichthuoc" type="string">
            <column name="kichthuoc" length="30" />
        </property>
        <property name="chongnuoc" type="string">
            <column name="chongnuoc" length="50" />
        </property>
        <property name="mau" type="serializable">
            <column name="mau" />
        </property>
        <property name="thoigianbaohanh" type="string">
            <column name="thoigianbaohanh" not-null="true">
                <comment>M?c ??nh s?n ph?m kh&#244;ng ???c b?o h&#224;nh</comment>
            </column>
        </property>
        <property name="mota" type="string">
            <column name="mota" length="65535" not-null="true" />
        </property>
        <set name="adminLogs" table="admin_log" inverse="true" lazy="true" fetch="select">
            <key>
                <column name="idsanpham" length="10" not-null="true" />
            </key>
            <one-to-many class="model.AdminLog" />
        </set>
        <set name="chitiethoadons" table="chitiethoadon" inverse="true" lazy="true" fetch="select">
            <key>
                <column name="idsanpham" length="10" not-null="true" />
            </key>
            <one-to-many class="model.Chitiethoadon" />
        </set>
        <set name="chitietphieunhaps" table="chitietphieunhap" inverse="true" lazy="true" fetch="select">
            <key>
                <column name="idsanpham" length="10" not-null="true" />
            </key>
            <one-to-many class="model.Chitietphieunhap" />
        </set>
        <set name="thoidiemgias" table="thoidiemgia" inverse="true" lazy="true" fetch="select">
            <key>
                <column name="idsanpham" length="10" not-null="true" />
            </key>
            <one-to-many class="model.Thoidiemgia" />
        </set>
        <set name="chitietphieuxuats" table="chitietphieuxuat" inverse="true" lazy="true" fetch="select">
            <key>
                <column name="idsanpham" length="10" not-null="true" />
            </key>
            <one-to-many class="model.Chitietphieuxuat" />
        </set>
    </class>
</hibernate-mapping>
